"Name","Color","Rarity","# Seen","ALSA","# Picked","ATA","# GP","% GP","GP WR","# OH","OH WR","# GD","GD WR","# GIH","GIH WR","# GNS","GNS WR","IWD"
"Archon of the Wild Rose","W","R","2857","1.84","1587","1.83","9273","83.4%","60.9%","1507","63.4%","2288","63.5%","3795","63.4%","5503","59.1%","4.3pp"
"Archon's Glory","W","C","70263","6.46","11691","8.90","47587","57.0%","61.5%","6905","61.2%","11034","62.5%","17939","62.0%","29618","61.2%","0.8pp"
"Armory Mice","W","C","72644","6.90","10519","9.57","37470","50.1%","61.0%","6246","61.8%","7782","58.0%","14028","59.7%","23449","61.8%","-2.2pp"
"Besotted Knight","W","C","66423","5.90","8035","8.77","31685","55.3%","59.9%","4928","60.3%","7452","60.2%","12380","60.3%","19303","59.7%","0.5pp"
"Break the Spell","W","C","74803","7.87","7437","11.79","3884","7.3%","58.1%","555","58.6%","937","56.8%","1492","57.4%","2392","58.5%","-1.0pp"
"Charmed Clothier","W","C","70338","6.67","7890","10.09","21489","38.1%","59.0%","3016","58.8%","5207","60.0%","8223","59.6%","13280","58.7%","0.8pp"
"Cheeky House-Mouse","W","U","24411","5.12","4040","6.99","17848","62.5%","61.1%","3041","62.1%","3776","59.3%","6817","60.6%","11036","61.5%","-0.9pp"
"Cooped Up","W","C","46211","3.81","10360","5.02","61350","83.6%","61.7%","9991","61.0%","15334","63.6%","25325","62.5%","35787","60.9%","1.6pp"
"Cursed Courtier","W","U","21090","4.25","3851","5.82","19739","71.8%","61.2%","3157","61.5%","4625","61.6%","7782","61.6%","11978","61.0%","0.6pp"
"Discerning Financier","W","U","24656","5.38","2870","8.23","8230","40.4%","57.9%","1345","59.3%","1930","56.0%","3275","57.3%","4942","58.2%","-0.9pp"
"Dutiful Griffin","W","U","26822","5.97","2894","9.16","6958","33.8%","57.7%","983","55.3%","1744","56.7%","2727","56.2%","4238","58.5%","-2.4pp"
"Eerie Interference","W","U","30392","7.68","2808","11.95","569","2.9%","56.1%","72","","146","","218","","352","",""
"Expel the Interlopers","W","R","3318","2.17","1595","2.20","8444","74.2%","61.9%","1356","62.5%","2222","65.8%","3578","64.5%","4876","59.9%","4.6pp"
"Frostbridge Guard","W","C","70515","6.84","7496","10.20","20225","37.9%","58.7%","3326","59.7%","4788","57.4%","8114","58.4%","12105","58.9%","-0.6pp"
"Gallant Pie-Wielder","W","U","23793","5.00","3622","6.99","16081","62.6%","59.4%","2592","61.9%","3514","57.4%","6106","59.3%","9991","59.4%","-0.1pp"
"Glass Casket","W","U","20024","4.07","3847","5.44","20136","74.6%","60.8%","3381","60.7%","4906","61.8%","8287","61.3%","11825","60.3%","1.0pp"
"Hopeful Vigil","W","C","47775","3.96","12804","4.93","76179","84.0%","62.5%","13081","66.1%","17923","62.3%","31004","63.9%","45138","61.5%","2.4pp"
"Kellan's Lightblades","W","C","60513","5.15","9326","7.36","44995","68.7%","59.8%","7275","59.0%","11494","61.2%","18769","60.4%","26208","59.5%","0.9pp"
"Knight of Doves","W","U","25617","5.76","2694","8.68","7024","36.7%","56.4%","1120","56.1%","1679","55.9%","2799","55.9%","4220","56.8%","-0.8pp"
"Moment of Valor","W","C","72486","6.86","7894","10.45","13036","23.2%","57.9%","1942","55.1%","3163","59.7%","5105","57.9%","7927","57.8%","0.1pp"
"Moonshaker Cavalry","W","M","2146","2.69","567","3.12","1924","47.8%","55.4%","250","","519","62.2%","769","59.0%","1147","52.7%","6.4pp"
"Plunge into Winter","W","C","75836","8.27","6837","12.47","3625","7.4%","55.6%","542","53.7%","908","58.6%","1450","56.8%","2174","54.8%","1.9pp"
"The Princess Takes Flight","W","U","16240","3.39","5404","3.96","29697","77.5%","62.3%","4689","63.0%","7626","66.0%","12315","64.9%","17424","60.5%","4.3pp"
"Protective Parents","W","C","72600","7.31","7184","11.02","11323","22.1%","56.0%","1780","56.2%","2552","53.5%","4332","54.6%","6996","56.8%","-2.2pp"
"Regal Bunnicorn","W","R","2882","1.82","1626","1.85","10213","86.7%","61.8%","1726","66.0%","2450","63.4%","4176","64.5%","6068","60.0%","4.5pp"
"Return Triumphant","W","C","69914","6.59","8763","9.61","28496","45.6%","60.2%","4260","59.6%","6430","60.9%","10690","60.4%","17797","60.0%","0.3pp"
"Rimefur Reindeer","W","C","72780","7.47","6899","11.32","9140","18.6%","57.2%","1292","55.3%","2164","56.9%","3456","56.3%","5686","57.6%","-1.3pp"
"Savior of the Sleeping","W","C","71412","7.00","6376","10.87","10914","24.1%","56.8%","1731","56.6%","2509","54.3%","4240","55.2%","6674","57.7%","-2.5pp"
"Slumbering Keepguard","W","C","72335","7.36","6770","11.11","11429","23.7%","57.4%","1864","60.5%","2500","55.1%","4364","57.4%","7067","57.4%","-0.0pp"
"Solitary Sanctuary","W","U","26587","6.39","2473","9.87","3861","22.0%","53.3%","615","51.7%","1051","52.9%","1666","52.5%","2183","53.9%","-1.4pp"
"Spellbook Vendor","W","R","2626","1.64","1893","1.62","12351","91.7%","63.1%","2136","69.4%","3111","67.2%","5247","68.1%","7123","59.5%","8.6pp"
"Stockpiling Celebrant","W","C","59241","5.08","12999","6.61","67586","73.2%","62.4%","10712","62.7%","16619","63.2%","27331","63.0%","40271","62.0%","1.0pp"
"Stroke of Midnight","W","U","22775","4.91","2478","7.45","8145","46.6%","55.5%","1166","50.2%","1974","56.6%","3140","54.2%","4986","56.5%","-2.3pp"
"A Tale for the Ages","W","R","6324","4.03","979","5.47","2560","36.9%","57.5%","405","","576","57.5%","981","58.4%","1577","56.9%","1.5pp"
"Three Blind Mice","W","R","3610","2.21","1757","2.34","10309","82.9%","60.6%","1697","62.3%","2506","61.7%","4203","62.0%","6102","59.7%","2.3pp"
"Tuinvale Guide","W","C","73503","7.31","7936","10.96","13960","24.7%","58.2%","2132","56.5%","3244","57.4%","5376","57.0%","8596","58.8%","-1.8pp"
"Unassuming Sage","W","C","71831","6.70","8361","9.84","27820","46.7%","58.9%","4449","58.8%","6381","57.2%","10830","57.8%","16982","59.6%","-1.7pp"
"Virtue of Loyalty","W","M","1036","1.31","874","1.29","5551","90.1%","63.1%","974","68.0%","1385","67.2%","2359","67.5%","3184","59.8%","7.7pp"
"Werefox Bodyguard","W","R","3231","2.04","1466","2.05","8526","81.5%","62.4%","1351","65.1%","2052","64.8%","3403","64.9%","5140","60.7%","4.2pp"
"Aquatic Alchemist","U","C","69619","6.70","10724","9.22","44258","58.5%","59.6%","7182","60.1%","12588","60.7%","19770","60.5%","24242","58.9%","1.5pp"
"Archive Dragon","U","U","21097","4.39","4103","5.89","20514","70.7%","60.4%","2918","61.5%","6136","64.9%","9054","63.8%","11352","57.6%","6.2pp"
"Asinine Antics","U","M","2398","3.01","616","3.42","2221","51.3%","55.0%","315","","597","57.3%","912","55.2%","1307","55.1%","0.1pp"
"Beluna's Gatekeeper","U","C","64329","5.64","10253","7.90","48993","67.6%","59.3%","7884","58.3%","14129","63.1%","22013","61.4%","26754","57.6%","3.8pp"
"Bitter Chill","U","U","19784","4.00","4441","5.16","25407","81.4%","61.1%","4177","60.2%","7490","65.3%","11667","63.5%","13587","58.9%","4.5pp"
"Chancellor of Tales","U","U","25228","5.68","2826","8.52","6347","31.7%","55.4%","977","54.0%","1725","56.6%","2702","55.7%","3633","55.3%","0.4pp"
"Diminisher Witch","U","C","73151","7.31","9726","10.30","25510","37.2%","59.7%","3975","58.8%","7504","63.6%","11479","62.0%","13956","57.8%","4.2pp"
"Disdainful Stroke","U","U","29044","6.62","3740","9.71","7472","28.2%","59.3%","1111","57.4%","2264","63.6%","3375","61.6%","4071","57.5%","4.1pp"
"Extraordinary Journey","U","R","5264","3.10","2000","3.30","11131","78.6%","61.8%","1646","59.4%","3297","68.9%","4943","65.7%","6126","58.7%","7.0pp"
"Farsight Ritual","U","R","6748","3.95","1414","5.19","6221","61.7%","59.4%","966","59.5%","1867","62.4%","2833","61.4%","3402","57.8%","3.7pp"
"Freeze in Place","U","C","73693","8.01","6336","12.24","5576","12.4%","53.8%","865","49.5%","1549","55.5%","2414","53.3%","3157","54.3%","-0.9pp"
"Gadwick's First Duel","U","U","25823","5.65","3157","8.37","9240","41.4%","56.5%","1512","55.0%","2668","58.4%","4180","57.2%","5008","56.1%","1.1pp"
"Galvanic Giant","U","U","27956","6.30","3173","9.59","5651","24.9%","55.9%","797","55.1%","1579","58.3%","2376","57.2%","3254","54.9%","2.3pp"
"Horned Loch-Whale","U","R","3020","1.95","1799","1.90","10729","85.6%","63.4%","1826","69.4%","3097","70.0%","4923","69.8%","5701","58.0%","11.8pp"
"Ice Out","U","C","69073","6.60","10666","9.14","42879","57.2%","60.7%","6500","59.5%","13202","64.6%","19702","63.0%","23160","58.9%","4.1pp"
"Icewrought Sentry","U","U","23278","5.17","2892","7.42","11340","55.3%","58.1%","1865","56.4%","3224","62.6%","5089","60.3%","6221","56.2%","4.1pp"
"Ingenious Prodigy","U","R","3351","2.13","1885","2.17","11684","87.5%","60.8%","1973","61.2%","3299","65.3%","5272","63.8%","6381","58.3%","5.4pp"
"Into the Fae Court","U","C","67408","6.17","12326","8.19","51276","59.4%","61.9%","7642","62.7%","15078","67.3%","22720","65.7%","28643","59.0%","6.7pp"
"Johann's Stopgap","U","C","69656","6.43","13552","8.53","59753","62.5%","61.5%","9260","60.6%","18100","65.6%","27360","63.9%","32345","59.5%","4.3pp"
"Living Lectern","U","C","75842","8.04","8741","11.58","12513","20.2%","58.6%","2030","57.0%","3441","60.3%","5471","59.1%","6976","58.2%","0.9pp"
"Merfolk Coralsmith","U","C","77791","8.76","8660","12.47","4874","7.9%","58.9%","814","60.4%","1338","60.1%","2152","60.2%","2709","57.8%","2.4pp"
"Misleading Motes","U","C","77455","8.28","9722","11.69","9479","13.7%","58.6%","1353","56.0%","2768","62.3%","4121","60.2%","5332","57.4%","2.8pp"
"Mocking Sprite","U","C","67078","6.50","7171","9.78","22054","43.4%","57.4%","3518","57.9%","6227","58.3%","9745","58.2%","12243","56.9%","1.3pp"
"Obyra's Attendants","U","C","69097","6.43","9236","9.30","33923","52.1%","58.7%","5183","56.8%","9701","61.4%","14884","59.8%","18896","57.8%","2.0pp"
"Picklock Prankster","U","U","20950","4.33","4852","5.44","26692","78.3%","62.3%","4532","64.4%","7657","65.7%","12189","65.2%","14381","59.9%","5.2pp"
"Quick Study","U","C","69617","6.52","9423","9.37","33567","50.3%","59.8%","5495","58.7%","9683","62.8%","15178","61.3%","18482","58.6%","2.7pp"
"Sleep-Cursed Faerie","U","R","3618","2.28","1780","2.31","10474","83.6%","61.6%","1843","69.4%","3035","64.1%","4878","66.1%","5541","57.6%","8.5pp"
"Sleight of Hand","U","C","73684","7.63","9281","10.85","22183","33.7%","60.9%","3790","60.6%","6249","63.0%","10039","62.1%","12047","59.7%","2.3pp"
"Snaremaster Sprite","U","C","69200","6.85","7365","10.14","19902","38.2%","58.0%","3261","58.5%","5498","60.0%","8759","59.5%","11056","56.9%","2.5pp"
"Spell Stutter","U","C","64651","6.00","10563","8.19","47998","64.6%","61.1%","7963","62.3%","13825","63.6%","21788","63.1%","25985","59.5%","3.7pp"
"Splashy Spellcaster","U","U","25140","5.53","3301","7.98","11155","48.0%","57.9%","1705","59.5%","3162","61.7%","4867","60.9%","6252","55.6%","5.3pp"
"Stormkeld Prowler","U","C","76695","8.36","8597","12.01","9170","15.1%","57.9%","1497","57.8%","2573","58.8%","4070","58.4%","5083","57.5%","0.9pp"
"Succumb to the Cold","U","U","28841","7.03","2767","10.91","3236","16.3%","53.3%","456","","887","56.6%","1343","55.0%","1893","52.2%","2.7pp"
"Talion's Messenger","U","R","3203","2.07","1794","2.05","11054","87.6%","62.7%","1846","67.4%","3146","66.2%","4992","66.7%","6019","59.2%","7.4pp"
"Tenacious Tomeseeker","U","U","24816","5.15","5281","6.69","24852","66.7%","60.8%","3872","59.0%","7360","64.9%","11232","62.9%","13488","59.0%","3.9pp"
"Vantress Transmuter","U","C","67055","6.20","8762","9.07","32633","52.9%","59.0%","5222","58.0%","9282","62.8%","14504","61.1%","17990","57.3%","3.7pp"
"Virtue of Knowledge","U","M","3514","4.21","486","6.47","359","10.4%","","44","","98","","142","","217","",""
"Water Wings","U","C","76447","8.45","7849","12.33","5611","10.1%","56.7%","778","54.1%","1619","60.6%","2397","58.5%","3206","55.3%","3.2pp"
"Ashiok, Wicked Manipulator","B","M","1020","1.25","854","1.24","5441","91.1%","63.0%","852","65.4%","1316","67.2%","2168","66.5%","3243","60.7%","5.8pp"
"Ashiok's Reaper","B","U","25779","5.60","2989","8.30","7582","35.8%","57.8%","1140","58.9%","1805","56.9%","2945","57.7%","4626","57.9%","-0.3pp"
"Back for Seconds","B","U","21507","4.14","4272","5.60","20973","69.2%","60.4%","3073","58.9%","5062","61.4%","8135","60.4%","12787","60.4%","0.0pp"
"Barrow Naughty","B","C","57932","4.86","10596","6.68","57294","76.9%","61.9%","9578","63.1%","14431","63.6%","24009","63.4%","33093","60.8%","2.5pp"
"Beseech the Mirror","B","M","2869","3.50","430","4.76","632","20.6%","56.8%","90","","150","","240","","389","",""
"Candy Grapple","B","C","28990","2.53","14575","2.85","94425","91.9%","63.2%","15763","64.6%","23692","65.1%","39455","64.9%","54838","62.0%","2.9pp"
"Conceited Witch","B","C","58058","4.72","9702","6.80","52239","75.6%","61.6%","8436","61.6%","12267","62.1%","20703","61.9%","31445","61.5%","0.4pp"
"Dream Spoilers","B","U","27035","6.04","2745","9.27","4772","24.5%","56.1%","714","55.3%","1191","55.8%","1905","55.6%","2854","56.3%","-0.8pp"
"Ego Drain","B","U","29394","7.07","2919","10.95","3106","15.1%","57.4%","480","","846","58.5%","1326","56.6%","1770","58.0%","-1.4pp"
"The End","B","R","3473","2.19","1602","2.30","9699","86.2%","61.2%","1485","58.7%","2383","63.7%","3868","61.8%","5815","61.0%","0.8pp"
"Eriette's Whisper","B","C","73033","7.14","8376","10.72","12704","21.3%","59.1%","2000","59.8%","3092","59.9%","5092","59.9%","7592","58.5%","1.4pp"
"Faerie Dreamthief","B","U","18560","3.71","4757","4.69","28276","84.1%","63.0%","4923","65.0%","6578","63.3%","11501","64.0%","16722","62.3%","1.7pp"
"Faerie Fencing","B","U","16284","3.31","4276","4.08","24702","81.4%","62.0%","4029","62.6%","6433","64.0%","10462","63.5%","14248","60.9%","2.6pp"
"Feed the Cauldron","B","C","49066","3.99","10359","5.39","59089","81.2%","61.5%","9608","60.4%","14453","63.1%","24061","62.0%","34890","61.0%","1.0pp"
"Fell Horseman","B","C","67097","5.86","7929","9.00","24928","44.1%","59.3%","3708","57.3%","6095","60.4%","9803","59.2%","15078","59.2%","-0.0pp"
"Gumdrop Poisoner","B","R","2502","1.66","1869","1.66","11860","89.7%","64.2%","1902","69.5%","2938","69.7%","4840","69.6%","6988","60.5%","9.2pp"
"High Fae Negotiator","B","U","13617","2.80","5386","3.20","33118","87.0%","62.6%","4839","61.7%","8370","66.2%","13209","64.6%","19817","61.3%","3.3pp"
"Hopeless Nightmare","B","C","54394","4.51","12520","5.88","67695","76.3%","62.7%","11246","64.2%","16325","64.1%","27571","64.1%","39923","61.7%","2.4pp"
"Lich-Knights' Conquest","B","R","7242","4.15","1077","5.96","2539","33.3%","55.8%","341","","602","54.2%","943","55.0%","1587","56.1%","-1.1pp"
"Lord Skitter, Sewer King","B","R","2218","1.40","1845","1.39","12157","93.8%","63.9%","2113","71.2%","3045","66.4%","5158","68.4%","6961","60.5%","7.9pp"
"Lord Skitter's Blessing","B","R","3482","2.20","1301","2.29","7246","79.1%","57.6%","1145","58.7%","1704","54.5%","2849","56.2%","4379","58.5%","-2.4pp"
"Lord Skitter's Butcher","B","U","15802","3.12","4691","3.84","28290","85.2%","62.7%","4749","63.7%","6553","63.7%","11302","63.7%","16933","62.0%","1.7pp"
"Mintstrosity","B","C","58243","4.69","13167","6.27","77931","83.6%","62.4%","12936","64.6%","17994","61.3%","30930","62.7%","46831","62.2%","0.5pp"
"Not Dead After All","B","C","70820","6.57","8149","10.01","19932","34.2%","59.8%","2975","60.6%","4594","61.3%","7569","61.0%","12312","59.0%","2.0pp"
"Rankle's Prank","B","R","4217","2.57","1273","2.90","6496","72.3%","59.7%","977","59.1%","1622","61.5%","2599","60.6%","3892","59.0%","1.5pp"
"Rat Out","B","C","65266","5.58","11959","7.74","52020","61.2%","62.5%","8410","63.5%","11786","63.0%","20196","63.2%","31734","62.1%","1.1pp"
"Rowan's Grim Search","B","C","72519","6.71","9283","9.93","22516","34.1%","59.4%","3604","57.7%","5375","58.9%","8979","58.4%","13514","60.0%","-1.6pp"
"Scream Puff","B","C","64536","5.54","9390","8.17","40846","61.3%","60.5%","5867","60.1%","10328","61.1%","16195","60.7%","24604","60.2%","0.5pp"
"Shatter the Oath","B","C","57655","4.74","9306","6.81","44907","68.1%","61.2%","6302","61.2%","11128","63.2%","17430","62.4%","27391","60.3%","2.1pp"
"Specter of Mortality","B","R","3044","1.99","1464","2.04","8531","81.5%","60.3%","1249","59.2%","2092","63.0%","3341","61.6%","5153","59.5%","2.1pp"
"Spiteful Hexmage","B","R","4439","2.62","1598","2.97","9164","79.9%","61.7%","1529","64.0%","2203","62.1%","3732","62.9%","5410","60.9%","2.0pp"
"Stingblade Assassin","B","C","68365","6.30","7074","9.83","17774","35.3%","59.3%","2570","58.5%","4329","58.9%","6899","58.7%","10846","59.6%","-0.8pp"
"Sugar Rush","B","C","74827","7.61","7252","11.59","6006","11.6%","57.6%","891","56.5%","1301","58.3%","2192","57.5%","3808","57.6%","-0.1pp"
"Sweettooth Witch","B","C","58709","4.83","12374","6.55","69268","79.2%","62.4%","11316","63.1%","16895","63.5%","28211","63.3%","40950","61.7%","1.6pp"
"Taken by Nightmares","B","U","13559","2.76","4710","3.23","28927","87.2%","61.4%","4307","60.8%","7210","64.3%","11517","63.0%","17370","60.3%","2.6pp"
"Tangled Colony","B","R","3318","2.02","1711","2.07","10294","84.8%","61.7%","1783","67.1%","2392","61.7%","4175","64.0%","6110","60.1%","4.0pp"
"Twisted Sewer-Witch","B","U","16194","3.37","4432","4.05","23843","76.0%","62.8%","3391","64.1%","5474","65.3%","8865","64.8%","14904","61.6%","3.2pp"
"Virtue of Persistence","B","M","955","1.28","850","1.27","5673","94.2%","64.4%","987","70.0%","1462","70.9%","2449","70.6%","3205","59.7%","10.8pp"
"Voracious Vermin","B","C","54537","4.52","9282","6.41","49369","75.0%","61.5%","8130","62.2%","10924","61.1%","19054","61.6%","30225","61.5%","0.0pp"
"Warehouse Tabby","B","C","69337","6.58","6627","10.25","12611","26.7%","57.4%","2071","58.2%","2720","56.1%","4791","57.0%","7811","57.6%","-0.6pp"
"Wicked Visitor","B","C","71154","6.74","8213","10.13","22055","37.6%","59.8%","3681","59.8%","4804","57.9%","8485","58.7%","13545","60.5%","-1.8pp"
"The Witch's Vanity","B","U","12787","2.66","5026","3.05","30926","87.2%","62.8%","5303","64.9%","7351","64.9%","12654","64.9%","18205","61.3%","3.6pp"
"Belligerent of the Ball","R","U","20942","4.25","5108","5.41","29656","81.0%","62.3%","4813","63.4%","6360","61.2%","11173","62.1%","18502","62.5%","-0.3pp"
"Bellowing Bruiser","R","C","70704","6.59","9133","9.77","24101","37.1%","60.1%","3487","60.4%","5342","60.7%","8829","60.6%","15262","59.9%","0.7pp"
"Bespoke Battlegarb","R","C","76756","8.42","9170","12.01","8259","12.6%","60.8%","1250","60.7%","1682","54.9%","2932","57.4%","5247","62.6%","-5.1pp"
"Boundary Lands Ranger","R","U","25971","5.35","4690","7.40","21002","63.0%","61.7%","3456","63.5%","4656","59.8%","8112","61.4%","12879","62.0%","-0.6pp"
"Charming Scoundrel","R","R","4088","2.43","1651","2.69","10407","87.8%","61.4%","1750","62.4%","2358","60.8%","4108","61.5%","6291","61.4%","0.1pp"
"Cut In","R","C","42640","3.60","15145","4.30","95983","89.4%","63.0%","14843","63.5%","22580","64.4%","37423","64.0%","58504","62.4%","1.6pp"
"Edgewall Pack","R","C","59301","4.99","12794","6.69","71968","79.2%","62.4%","11047","63.0%","15961","62.2%","27008","62.5%","44878","62.3%","0.2pp"
"Embereth Veteran","R","U","21344","4.27","5691","5.33","33815","83.9%","62.4%","5851","65.6%","7113","60.1%","12964","62.6%","20830","62.2%","0.4pp"
"Flick a Coin","R","C","64391","5.53","14496","7.24","69330","67.3%","63.1%","11227","64.7%","16390","63.8%","27617","64.1%","41654","62.4%","1.8pp"
"Food Fight","R","R","10420","6.10","1581","9.12","648","5.8%","57.4%","116","","164","","280","","367","",""
"Frantic Firebolt","R","C","57565","4.85","9872","6.77","49229","70.2%","59.8%","7712","57.4%","13019","61.9%","20731","60.2%","28525","59.4%","0.8pp"
"Gnawing Crescendo","R","C","72152","7.15","9512","10.32","24073","35.5%","61.0%","3282","61.6%","5045","60.5%","8327","60.9%","15728","61.0%","-0.1pp"
"Goddric, Cloaked Reveler","R","R","2976","1.93","1827","1.91","11834","91.2%","63.0%","2022","65.5%","2709","63.6%","4731","64.4%","7105","62.1%","2.3pp"
"Grabby Giant","R","C","59820","4.95","11489","6.92","62060","76.1%","62.1%","10407","62.8%","14372","62.7%","24779","62.7%","37201","61.7%","1.0pp"
"Grand Ball Guest","R","C","63549","5.61","13581","7.38","77003","79.2%","62.4%","13158","64.1%","16123","59.5%","29281","61.6%","47681","63.0%","-1.4pp"
"Harried Spearguard","R","C","65612","5.96","10833","8.25","50022","64.8%","62.3%","8344","64.1%","10118","59.6%","18462","61.6%","31536","62.6%","-1.0pp"
"Hearth Elemental","R","U","18044","3.64","5697","4.36","34703","85.3%","62.4%","5421","60.7%","8470","64.5%","13891","63.0%","20697","61.8%","1.2pp"
"Imodane, the Pyrohammer","R","R","4585","2.94","1320","3.41","6539","69.6%","61.0%","990","59.5%","1556","62.5%","2546","61.3%","4000","61.0%","0.4pp"
"Kindled Heroism","R","C","77024","8.54","8275","12.46","3393","5.7%","55.8%","511","55.4%","747","54.1%","1258","54.6%","2132","56.5%","-1.9pp"
"Korvold and the Noble Thief","R","U","28310","6.45","2875","10.20","4051","19.5%","58.2%","670","59.0%","1011","58.2%","1681","58.5%","2363","57.7%","0.8pp"
"Merry Bards","R","C","72186","6.69","10628","9.62","33978","44.7%","60.6%","5251","59.8%","7316","58.6%","12567","59.1%","21408","61.5%","-2.4pp"
"Minecart Daredevil","R","C","65979","5.80","11132","8.17","53119","66.5%","62.1%","8365","61.6%","11786","62.0%","20151","61.8%","32940","62.4%","-0.6pp"
"Monstrous Rage","R","U","20083","4.07","5637","5.06","33041","81.9%","62.9%","4962","62.2%","7314","63.7%","12276","63.1%","20739","62.7%","0.4pp"
"Raging Battle Mouse","R","R","4551","2.66","1595","2.93","9762","84.8%","60.9%","1708","63.5%","2117","59.6%","3825","61.4%","5921","60.6%","0.7pp"
"Ratcatcher Trainee","R","C","49863","4.08","13311","5.24","83867","88.6%","62.7%","14075","63.1%","18107","62.3%","32182","62.7%","51578","62.8%","-0.1pp"
"Realm-Scorcher Hellkite","R","M","1072","1.44","917","1.42","5877","91.2%","63.0%","964","65.1%","1464","68.6%","2428","67.3%","3423","59.7%","7.5pp"
"Redcap Gutter-Dweller","R","R","2539","1.71","1891","1.71","12355","91.9%","64.6%","2012","69.0%","2899","67.2%","4911","67.9%","7434","62.4%","5.5pp"
"Redcap Thief","R","C","65511","5.68","12326","7.78","62035","71.0%","62.6%","10328","64.1%","14230","62.6%","24558","63.2%","37397","62.2%","1.0pp"
"Rotisserie Elemental","R","R","6394","3.70","1474","4.73","7462","71.1%","60.6%","1284","61.0%","1551","57.8%","2835","59.3%","4626","61.5%","-2.3pp"
"Skewer Slinger","R","C","72545","7.23","9289","10.60","18362","27.8%","59.6%","2975","59.8%","4451","59.7%","7426","59.7%","10892","59.6%","0.1pp"
"Song of Totentanz","R","R","2792","1.82","1932","1.83","12431","90.7%","63.1%","1947","64.0%","2991","67.1%","4938","65.9%","7488","61.3%","4.6pp"
"Stonesplitter Bolt","R","U","17874","3.55","4555","4.52","27205","83.4%","61.0%","4233","59.0%","6593","61.5%","10826","60.5%","16388","61.1%","-0.6pp"
"Tattered Ratter","R","U","25501","5.48","4154","7.62","17316","58.5%","61.4%","2992","63.0%","3507","58.5%","6499","60.5%","10804","61.9%","-1.4pp"
"Torch the Tower","R","C","34040","2.97","16219","3.31","104995","91.6%","63.4%","17565","65.0%","24829","64.7%","42394","64.8%","62517","62.4%","2.4pp"
"Twisted Fealty","R","U","23365","4.96","5391","6.12","24834","64.6%","63.0%","3655","63.0%","5445","66.0%","9100","64.8%","15721","61.9%","2.9pp"
"Two-Headed Hunter","R","U","18158","3.65","4934","4.60","29087","83.0%","62.5%","4223","61.9%","6520","63.7%","10743","63.0%","18302","62.2%","0.8pp"
"Unruly Catapult","R","C","70976","7.00","9028","10.01","23240","36.1%","58.5%","3628","59.4%","6607","61.3%","10235","60.6%","12856","56.7%","3.9pp"
"Virtue of Courage","R","M","2269","2.91","664","3.24","3125","66.4%","60.1%","532","59.6%","706","56.7%","1238","57.9%","1874","61.6%","-3.7pp"
"Witch's Mark","R","C","69231","6.25","11768","8.77","50936","60.5%","62.1%","8152","61.9%","11199","62.7%","19351","62.4%","31549","62.0%","0.5pp"
"Witchstalker Frenzy","R","U","12159","2.69","6413","2.96","41772","91.9%","63.4%","6547","63.8%","9876","65.9%","16423","65.1%","25339","62.3%","2.8pp"
"Agatha's Champion","G","U","12411","2.61","5874","2.92","37788","91.0%","61.8%","5872","62.6%","9719","64.4%","15591","63.7%","22104","60.3%","3.4pp"
"Beanstalk Wurm","G","C","63939","5.65","7435","8.70","30223","56.7%","58.9%","4774","58.5%","7642","59.5%","12416","59.1%","17807","58.7%","0.4pp"
"Bestial Bloodline","G","C","74783","7.89","7407","11.90","7292","13.8%","57.9%","1068","58.1%","1737","57.4%","2805","57.6%","4477","58.0%","-0.4pp"
"Blossoming Tortoise","G","M","2343","3.02","582","3.66","2425","58.8%","58.1%","384","","571","56.9%","955","59.9%","1464","57.0%","2.9pp"
"Bramble Familiar","G","R","3900","2.31","1503","2.50","9220","86.5%","60.7%","1556","62.6%","2182","62.8%","3738","62.7%","5470","59.4%","3.3pp"
"Brave the Wilds","G","C","66124","5.79","14367","7.69","76444","75.0%","61.9%","13271","61.9%","18305","61.8%","31576","61.9%","44806","61.9%","0.0pp"
"Commune with Nature","G","C","76789","8.64","7596","12.74","1713","3.2%","58.0%","286","","407","","693","59.0%","1019","57.2%","1.8pp"
"Curse of the Werefox","G","C","55765","4.57","11432","6.30","67176","82.1%","60.7%","10370","59.6%","16556","61.7%","26926","60.9%","40184","60.6%","0.2pp"
"Elvish Archivist","G","R","3336","2.13","1794","2.13","11049","86.5%","61.6%","1858","64.7%","2678","62.1%","4536","63.2%","6523","60.6%","2.6pp"
"Feral Encounter","G","R","4503","2.74","1806","2.98","10678","82.7%","62.5%","1639","60.6%","2580","65.0%","4219","63.3%","6463","61.9%","1.4pp"
"Ferocious Werefox","G","C","57219","4.67","10496","6.62","62733","83.9%","61.4%","9908","60.8%","15187","63.0%","25095","62.1%","37597","60.9%","1.3pp"
"Graceful Takedown","G","U","20203","4.03","5032","5.23","30015","83.5%","61.0%","4585","59.5%","7290","62.3%","11875","61.2%","18123","60.9%","0.4pp"
"Gruff Triplets","G","R","2416","1.54","1911","1.51","12288","90.5%","64.8%","1965","72.4%","3134","72.7%","5099","72.6%","7064","58.9%","13.7pp"
"Hamlet Glutton","G","C","45201","3.73","13731","4.67","85847","88.5%","61.9%","12853","62.0%","21544","63.9%","34397","63.2%","51234","60.9%","2.3pp"
"Hollow Scavenger","G","C","55812","4.60","12743","6.13","77341","85.8%","62.3%","13094","64.6%","18550","62.0%","31644","63.1%","45661","61.8%","1.3pp"
"Howling Galefang","G","U","20228","4.04","4185","5.39","24041","81.2%","61.0%","3779","61.8%","5918","60.3%","9697","60.9%","14367","61.0%","-0.1pp"
"The Huntsman's Redemption","G","R","2998","1.92","1888","1.90","11729","88.0%","62.6%","1965","65.4%","2843","67.5%","4808","66.6%","6945","59.8%","6.8pp"
"Leaping Ambush","G","C","75915","7.93","9906","11.35","17842","25.2%","60.4%","2658","59.7%","4197","62.1%","6855","61.2%","10973","59.9%","1.2pp"
"Night of the Sweets' Revenge","G","U","27773","6.20","3493","9.13","6310","25.4%","58.1%","1013","55.6%","1469","57.2%","2482","56.6%","3820","59.0%","-2.5pp"
"Redtooth Genealogist","G","C","64541","5.58","10335","8.00","52153","70.7%","60.7%","8548","62.0%","12558","61.1%","21106","61.5%","31010","60.1%","1.3pp"
"Redtooth Vanguard","G","U","20870","4.09","4878","5.39","28722","83.3%","60.6%","4860","62.5%","6848","58.7%","11708","60.3%","17005","60.8%","-0.5pp"
"Return from the Wilds","G","C","65065","5.74","9807","8.25","40815","58.7%","60.5%","6994","61.8%","9845","60.8%","16839","61.2%","23941","60.1%","1.1pp"
"Rootrider Faun","G","C","52040","4.27","11881","5.70","73396","87.6%","61.4%","12536","64.2%","17408","59.8%","29944","61.6%","43390","61.1%","0.5pp"
"Royal Treatment","G","U","20135","4.05","5557","5.09","32774","83.1%","62.2%","5004","63.9%","7896","63.7%","12900","63.8%","19835","61.2%","2.6pp"
"Sentinel of Lost Lore","G","R","4178","2.51","1545","2.76","9632","86.9%","61.0%","1508","64.7%","2354","61.5%","3862","62.7%","5763","59.8%","3.0pp"
"Skybeast Tracker","G","C","75177","7.63","8368","11.35","9780","16.3%","58.7%","1491","56.3%","2497","58.9%","3988","57.9%","5792","59.3%","-1.4pp"
"Spider Food","G","C","74697","7.39","9136","10.96","7993","12.3%","58.6%","1281","57.5%","1966","60.1%","3247","59.1%","4752","58.2%","0.8pp"
"Stormkeld Vanguard","G","U","15670","3.18","4453","3.92","26764","85.1%","61.9%","4167","62.7%","6553","63.9%","10720","63.4%","16002","60.8%","2.6pp"
"Tanglespan Lookout","G","U","19388","4.01","4690","5.06","25264","75.5%","60.8%","4227","62.9%","6164","61.7%","10391","62.2%","14887","59.7%","2.5pp"
"Territorial Witchstalker","G","C","72168","7.06","9443","10.29","24659","36.6%","59.1%","4063","59.4%","5671","57.8%","9734","58.5%","14902","59.6%","-1.1pp"
"Thunderous Debut","G","R","9061","5.25","1156","8.30","803","9.9%","55.2%","121","","210","","331","","473","",""
"Titanic Growth","G","C","74182","7.65","8640","11.26","14262","23.2%","59.1%","2079","58.9%","3269","60.9%","5348","60.1%","8901","58.5%","1.6pp"
"Toadstool Admirer","G","C","75361","8.05","6836","12.25","4527","9.3%","55.1%","759","55.6%","1072","53.1%","1831","54.1%","2691","55.7%","-1.6pp"
"Tough Cookie","G","U","12319","2.60","5990","2.87","37669","89.2%","63.6%","6434","67.0%","9276","67.2%","15710","67.1%","21965","61.0%","6.1pp"
"Troublemaker Ouphe","G","C","67711","6.01","10762","8.69","46744","61.0%","60.2%","7557","60.3%","11130","59.8%","18687","60.0%","28016","60.3%","-0.3pp"
"Up the Beanstalk","G","U","20616","4.34","5302","5.29","25525","68.2%","61.7%","4325","63.1%","6390","62.3%","10715","62.6%","14772","61.0%","1.6pp"
"Verdant Outrider","G","C","73293","7.35","8313","10.99","15642","26.3%","58.9%","2570","59.5%","3587","58.5%","6157","58.9%","9501","58.8%","0.1pp"
"Virtue of Strength","G","M","3320","3.99","429","6.17","496","16.1%","","60","","130","","190","","305","",""
"Welcome to Sweettooth","G","U","13616","2.87","6344","3.14","39268","87.6%","63.3%","6745","68.0%","9661","64.6%","16406","66.0%","22900","61.3%","4.7pp"
"Agatha of the Vile Cauldron","RG","M","3448","4.23","548","6.21","725","19.0%","56.0%","98","","163","","261","","464","",""
"The Apprentice's Folly","UR","R","8584","5.12","1586","7.02","3455","30.6%","57.1%","464","","1015","60.4%","1479","59.0%","1959","55.8%","3.2pp"
"Ash, Party Crasher","WR","U","21587","4.84","5060","5.58","23808","65.6%","62.9%","4001","65.4%","5072","61.2%","9073","63.0%","14767","62.9%","0.2pp"
"Eriette of the Charmed Apple","WB","M","1823","2.38","607","2.40","2705","62.7%","57.4%","450","","656","57.8%","1106","59.1%","1601","56.3%","2.8pp"
"Faunsbane Troll","BG","R","2849","1.92","2068","1.90","13052","88.8%","63.8%","2128","69.1%","3316","68.1%","5444","68.5%","7545","60.3%","8.2pp"
"The Goose Mother","UG","R","2738","1.76","2032","1.75","12910","90.3%","62.5%","2003","66.7%","3636","68.7%","5639","68.0%","7261","58.2%","9.8pp"
"Greta, Sweettooth Scourge","BG","U","16329","3.52","5037","4.22","28017","78.4%","62.3%","4687","63.6%","6785","62.9%","11472","63.2%","16513","61.7%","1.5pp"
"Hylda of the Icy Crown","WU","M","1833","2.51","635","2.44","2484","56.1%","57.6%","414","","714","61.2%","1128","60.2%","1357","55.5%","4.7pp"
"Johann, Apprentice Sorcerer","UR","U","24776","5.52","5218","6.95","21233","57.5%","60.1%","3323","60.3%","6292","63.6%","9615","62.5%","11507","58.3%","4.2pp"
"Likeness Looter","UB","R","6414","3.94","1258","5.14","4428","49.7%","58.9%","716","58.5%","1243","58.3%","1959","58.4%","2445","59.3%","-0.9pp"
"Neva, Stalked by Nightmares","WB","U","21514","4.45","4002","6.11","17843","62.5%","59.3%","2687","58.0%","4500","61.4%","7187","60.1%","10605","58.6%","1.6pp"
"Obyra, Dreaming Duelist","UB","U","22487","5.20","3471","7.04","13982","57.0%","61.5%","2340","63.2%","3942","64.2%","6282","63.8%","7635","59.7%","4.1pp"
"Rowan, Scion of War","BR","M","3038","3.61","593","4.94","1867","44.7%","57.8%","293","","436","","729","56.5%","1139","58.7%","-2.2pp"
"Ruby, Daring Tracker","RG","U","23465","5.23","4530","6.77","19484","60.4%","61.5%","3252","64.5%","4430","60.3%","7682","62.1%","11790","61.1%","1.0pp"
"Sharae of Numbing Depths","WU","U","22863","4.99","3936","6.64","14253","51.0%","60.1%","2231","60.5%","4281","66.1%","6512","64.2%","7691","56.6%","7.6pp"
"Syr Armont, the Redeemer","WG","U","19950","4.24","4105","5.64","20090","68.9%","60.3%","2941","59.9%","4882","62.8%","7823","61.7%","12240","59.3%","2.4pp"
"Talion, the Kindly Lord","UB","M","1358","1.77","870","1.74","5159","84.1%","62.8%","828","63.4%","1492","69.0%","2320","67.0%","2836","59.4%","7.6pp"
"Totentanz, Swarm Piper","BR","U","20248","4.31","4194","5.62","20445","68.7%","62.2%","3291","65.4%","4479","61.6%","7770","63.2%","12646","61.6%","1.6pp"
"Troyan, Gutsy Explorer","UG","U","25848","5.86","3744","8.16","11160","42.3%","58.9%","1872","59.0%","3087","60.2%","4959","59.7%","6180","58.3%","1.5pp"
"Will, Scion of Peace","WU","M","3775","4.47","558","6.66","547","13.9%","55.2%","83","","166","","249","","296","",""
"Yenna, Redtooth Regent","WG","R","4431","2.82","1640","3.00","8460","72.3%","59.8%","1310","59.3%","2142","61.9%","3452","60.9%","5018","58.9%","2.0pp"
"Beluna Grandsquall","URG","M","3227","3.91","718","5.04","1903","37.1%","58.7%","281","","527","61.3%","808","61.8%","1091","56.7%","5.0pp"
"Callous Sell-Sword","BR","U","21414","4.31","4735","5.79","23882","70.6%","62.2%","3989","61.8%","5194","62.8%","9183","62.4%","14656","62.1%","0.3pp"
"Cruel Somnophage","UB","R","4684","2.89","1330","3.37","6778","71.9%","57.7%","1085","51.2%","1711","61.9%","2796","57.7%","3958","57.8%","-0.0pp"
"Decadent Dragon","BR","R","2398","1.56","1840","1.53","11833","91.3%","62.6%","1949","65.0%","2894","64.3%","4843","64.6%","6973","61.4%","3.2pp"
"Devouring Sugarmaw","WB","R","3239","2.14","1576","2.21","9191","81.3%","60.8%","1491","61.8%","2277","63.5%","3768","62.8%","5420","59.3%","3.5pp"
"Elusive Otter","UG","R","4836","2.97","1580","3.37","8170","72.2%","60.8%","1244","58.8%","2232","64.0%","3476","62.1%","4669","59.8%","2.3pp"
"Frolicking Familiar","UR","U","21679","4.54","5570","5.51","27436","69.7%","60.8%","4469","62.6%","7639","64.0%","12108","63.5%","15148","58.7%","4.8pp"
"Gingerbread Hunter","BG","U","11622","2.56","6339","2.73","40923","91.3%","63.8%","6492","67.1%","10453","66.9%","16945","67.0%","23855","61.5%","5.5pp"
"Heartflame Duelist","WR","R","3445","2.18","1953","2.19","11998","87.3%","63.8%","2016","66.3%","2806","66.6%","4822","66.5%","7163","61.9%","4.6pp"
"Imodane's Recruiter","WR","U","10932","2.54","7082","2.55","46566","92.5%","64.6%","7516","65.8%","10975","70.0%","18491","68.3%","27976","62.1%","6.2pp"
"Kellan, the Fae-Blooded","WR","M","1565","2.04","865","2.06","5241","84.8%","62.8%","896","65.4%","1180","63.6%","2076","64.4%","3171","61.8%","2.6pp"
"Mosswood Dreadknight","BG","R","2652","1.72","1856","1.69","11673","88.8%","63.1%","2105","67.2%","2844","65.9%","4949","66.5%","6695","60.4%","6.1pp"
"Picnic Ruiner","RG","U","18974","3.80","6074","4.65","35877","83.3%","63.3%","6064","65.3%","8159","63.7%","14223","64.4%","21625","62.6%","1.8pp"
"Pollen-Shield Hare","WG","R","5741","3.51","1296","4.31","5933","64.0%","59.8%","953","60.1%","1385","62.2%","2338","61.4%","3599","58.7%","2.7pp"
"Questing Druid","RG","R","3666","2.38","1613","2.47","9538","83.2%","61.3%","1604","62.9%","2317","63.6%","3921","63.3%","5610","59.8%","3.5pp"
"Scalding Viper","UR","R","4459","2.78","1765","3.00","10610","84.4%","61.6%","1788","61.9%","2605","62.4%","4393","62.2%","6188","61.1%","1.1pp"
"Shrouded Shepherd","WB","U","17222","3.52","5156","4.30","27003","73.8%","61.7%","4407","63.7%","6287","64.5%","10694","64.1%","16281","60.1%","4.0pp"
"Spellscorn Coven","UB","U","19515","3.93","4822","5.02","26264","77.7%","62.6%","4141","64.1%","6765","64.3%","10906","64.2%","15270","61.4%","2.8pp"
"Tempest Hart","UG","U","27856","5.99","3741","8.81","10389","39.0%","59.0%","1637","59.6%","2793","60.1%","4430","59.9%","5950","58.3%","1.6pp"
"Threadbind Clique","WU","U","17181","3.61","4973","4.41","27617","79.3%","61.6%","4382","61.2%","8139","67.0%","12521","64.9%","14996","58.7%","6.2pp"
"Twining Twins","WU","R","3243","2.10","1818","2.06","10802","84.4%","61.7%","1657","65.2%","3208","66.8%","4865","66.3%","5881","57.9%","8.4pp"
"Woodland Acolyte","WG","U","18578","3.75","5150","4.69","29200","80.1%","62.2%","4861","63.9%","7385","64.7%","12246","64.4%","17002","60.7%","3.7pp"
"Agatha's Soul Cauldron","","M","1334","1.73","696","1.69","4117","82.9%","61.1%","640","64.5%","1020","65.3%","1660","65.0%","2445","58.4%","6.6pp"
"Candy Trail","","C","71816","6.38","9026","9.46","24353","38.1%","61.0%","4636","60.2%","5943","64.1%","10579","62.3%","13759","60.0%","2.3pp"
"Collector's Vault","","U","26755","5.40","4034","7.70","14913","52.4%","60.1%","2589","60.2%","3901","61.7%","6490","61.1%","8385","59.3%","1.8pp"
"Eriette's Tempting Apple","","U","25762","5.21","4412","7.19","16831","54.1%","62.1%","2407","61.7%","3743","63.7%","6150","62.9%","10663","61.6%","1.3pp"
"Gingerbrute","","C","64578","5.44","10676","7.73","52644","68.9%","61.3%","9352","61.3%","10974","58.4%","20326","59.7%","32314","62.2%","-2.5pp"
"Hylda's Crown of Winter","","R","2583","1.62","1714","1.61","11423","94.7%","60.9%","1907","58.7%","2956","63.7%","4863","61.8%","6521","60.3%","1.4pp"
"The Irencrag","","R","7215","4.10","1226","5.60","3619","41.7%","57.5%","602","58.5%","924","55.5%","1526","56.7%","2079","58.0%","-1.3pp"
"Prophetic Prism","","C","62440","5.11","13312","6.97","64981","68.9%","61.4%","11485","62.1%","16864","62.9%","28349","62.6%","36497","60.4%","2.1pp"
"Scarecrow Guide","","C","73964","6.77","10413","9.79","29014","39.3%","59.6%","4948","60.7%","6895","59.3%","11843","59.9%","17130","59.3%","0.6pp"
"Soul-Guide Lantern","","U","32118","7.91","3276","11.81","282","1.2%","","33","","63","","96","","185","",""
"Syr Ginger, the Meal Ender","","R","3870","2.35","1384","2.64","8619","88.9%","60.3%","1520","60.0%","2035","61.7%","3555","61.0%","5068","59.9%","1.1pp"
"Three Bowls of Porridge","","U","28808","5.91","3155","9.16","6411","28.5%","58.2%","1051","54.6%","1687","61.4%","2738","58.8%","3660","57.8%","1.0pp"
"Crystal Grotto","","C","66255","5.44","11727","7.74","66770","80.2%","61.3%","12876","61.5%","15920","62.0%","28796","61.8%","37865","61.0%","0.8pp"
"Edgewall Inn","","U","17471","3.26","6507","4.08","45069","97.8%","62.6%","8750","64.2%","10709","62.5%","19459","63.3%","25529","62.1%","1.2pp"
"Evolving Wilds","","C","59176","4.59","13430","6.43","87538","91.9%","61.9%","16755","63.1%","20604","60.9%","37359","61.9%","50098","61.9%","-0.0pp"
"Restless Bivouac","","R","5594","3.23","1795","3.81","9729","75.7%","61.8%","1878","64.5%","2101","61.5%","3979","62.9%","5740","61.1%","1.9pp"
"Restless Cottage","","R","3862","2.43","1792","2.61","10501","82.3%","62.9%","2009","66.5%","2538","63.7%","4547","64.9%","5940","61.3%","3.7pp"
"Restless Fortress","","R","5062","2.90","1547","3.56","8384","75.7%","60.2%","1599","64.1%","1954","61.4%","3553","62.6%","4815","58.4%","4.3pp"
"Restless Spire","","R","6942","3.96","1735","5.05","7504","61.1%","61.0%","1447","61.1%","1910","62.3%","3357","61.8%","4119","60.2%","1.6pp"
"Restless Vinestalk","","R","5199","3.05","1808","3.43","9186","72.0%","61.9%","1745","62.5%","2451","65.6%","4196","64.3%","4979","59.9%","4.5pp"
"Blind Obedience","W","R","2895","3.74","450","4.91","1792","55.1%","56.2%","298","","425","","723","55.9%","1064","56.5%","-0.6pp"
"Dawn of Hope","W","R","3254","4.17","492","5.92","1560","44.6%","56.9%","243","","430","","673","59.1%","881","55.4%","3.7pp"
"Grasp of Fate","W","U","20060","3.70","3569","4.97","20092","79.0%","59.2%","3050","58.3%","4964","60.9%","8014","59.9%","12063","58.7%","1.2pp"
"Greater Auramancy","W","M","1786","4.50","204","7.59","130","9.0%","","13","","28","","41","","89","",""
"Griffin Aerie","W","U","31973","6.92","3967","10.19","5751","20.4%","60.2%","831","60.5%","1450","60.1%","2281","60.2%","3464","60.2%","0.0pp"
"Intangible Virtue","W","U","31678","7.14","2968","11.25","979","4.6%","51.1%","144","","200","","344","","634","53.6%",""
"Karmic Justice","W","R","4368","5.79","432","9.96","26","0.8%","","2","","8","","10","","16","",""
"Knightly Valor","W","U","27482","5.29","3301","7.97","11010","46.7%","58.2%","1557","57.0%","2683","58.3%","4240","57.8%","6742","58.5%","-0.7pp"
"Land Tax","W","M","1232","3.16","212","4.05","679","44.4%","61.6%","135","","161","","296","","383","",""
"Leyline of Sanctity","W","R","4790","6.11","516","9.94","12","0.3%","","0","","0","","0","","12","",""
"Phyrexian Unlife","W","R","4315","5.80","430","9.92","51","1.7%","","7","","9","","16","","35","",""
"Rest in Peace","W","R","5322","6.71","679","10.37","19","0.4%","","2","","5","","7","","12","",""
"Smothering Tithe","W","M","1714","4.64","178","8.10","51","3.9%","","5","","11","","16","","35","",""
"As Foretold","U","R","4354","5.78","467","9.46","179","5.5%","","26","","53","","79","","97","",""
"Compulsion","U","U","35011","8.19","3503","12.28","346","1.4%","","54","","84","","138","","207","",""
"Copy Enchantment","U","R","4385","5.91","491","9.73","190","5.4%","","20","","52","","72","","118","",""
"Curiosity","U","U","27283","5.51","3329","8.15","9570","40.1%","58.2%","1522","61.7%","2502","58.9%","4024","60.0%","5481","56.8%","3.2pp"
"Forced Fruition","U","R","4543","5.80","658","8.72","679","14.5%","53.0%","77","","209","","286","","391","",""
"Fraying Sanity","U","R","5044","6.37","602","9.97","66","1.5%","","9","","20","","29","","36","",""
"Hatching Plans","U","U","21977","4.30","7250","4.86","35939","70.6%","61.9%","5991","65.6%","10284","64.9%","16275","65.1%","19505","59.1%","6.0pp"
"Intruder Alarm","U","R","4952","6.48","561","10.34","23","0.6%","","3","","6","","9","","14","",""
"Kindred Discovery","U","M","2090","5.05","257","7.92","159","8.9%","","13","","45","","58","","101","",""
"Leyline of Anticipation","U","R","4488","5.79","491","9.43","231","6.6%","","0","","56","","56","","174","",""
"Omniscience","U","M","2147","5.54","263","8.90","8","0.4%","","0","","1","","1","","7","",""
"Rhystic Study","U","M","1422","3.84","143","6.18","219","21.8%","","39","","60","","99","","119","",""
"Spreading Seas","U","U","33105","7.01","4259","10.27","6577","21.8%","59.8%","1108","59.7%","1874","64.3%","2982","62.6%","3570","57.5%","5.1pp"
"Bitterblossom","B","M","513","1.35","404","1.36","2780","93.4%","61.5%","521","69.1%","678","60.6%","1199","64.3%","1571","59.5%","4.9pp"
"Dark Tutelage","B","U","33306","7.32","3712","11.16","2221","8.4%","57.9%","341","","503","53.9%","844","54.9%","1369","59.6%","-4.7pp"
"Grave Pact","B","M","1128","2.97","224","3.48","934","57.9%","56.6%","145","","233","","378","","553","57.7%",""
"Leyline of the Void","B","R","4762","5.94","474","9.85","17","0.5%","","0","","5","","5","","12","",""
"Necropotence","B","M","1737","4.20","321","5.72","647","28.6%","60.4%","86","","164","","250","","395","",""
"Oppression","B","R","4356","5.57","444","9.49","80","2.5%","","14","","15","","29","","51","",""
"Oversold Cemetery","B","R","2938","3.83","484","4.92","1656","47.5%","54.7%","231","","407","","638","49.2%","1016","58.2%","-9.0pp"
"Polluted Bonds","B","R","4356","5.45","405","9.60","81","2.8%","","11","","27","","38","","43","",""
"Sanguine Bond","B","R","4519","5.75","502","9.49","135","3.8%","","15","","32","","47","","88","",""
"Stab Wound","B","U","19444","3.54","3609","4.67","20413","79.4%","59.6%","3302","58.1%","5049","61.4%","8351","60.1%","11978","59.2%","0.8pp"
"Vampiric Rites","B","U","31655","6.53","3627","9.86","5674","22.0%","59.8%","909","56.9%","1168","56.2%","2077","56.5%","3588","61.6%","-5.2pp"
"Waste Not","B","R","4416","5.59","427","9.51","90","3.0%","","17","","18","","35","","55","",""
"Aggravated Assault","R","R","4564","5.80","486","9.42","99","2.8%","","15","","34","","49","","50","",""
"Blood Moon","R","M","2397","5.94","298","9.56","2","0.1%","","1","","0","","1","","1","",""
"Dragon Mantle","R","U","31014","6.14","4349","9.06","12530","40.3%","61.5%","1926","61.2%","2712","59.1%","4638","60.0%","7769","62.4%","-2.5pp"
"Fiery Emancipation","R","R","3977","4.90","509","7.73","918","24.8%","58.6%","139","","216","","355","","562","58.2%",""
"Goblin Bombardment","R","R","2701","3.56","1153","3.71","6518","78.8%","65.0%","1056","72.0%","1377","66.7%","2433","69.0%","4077","62.5%","6.5pp"
"Impact Tremors","R","U","28843","6.30","2685","10.32","3665","19.2%","56.1%","600","55.5%","746","50.5%","1346","52.7%","2317","58.1%","-5.4pp"
"Leyline of Lightning","R","R","4624","5.99","505","9.91","61","1.6%","","0","","11","","11","","50","",""
"Mana Flare","R","R","4899","6.46","554","10.37","28","0.7%","","6","","7","","13","","15","",""
"Raid Bombardment","R","U","29769","6.58","3114","10.29","3800","17.1%","56.4%","558","52.5%","761","51.5%","1319","51.9%","2476","58.7%","-6.8pp"
"Repercussion","R","M","2020","5.34","249","8.17","140","8.1%","","22","","23","","45","","93","",""
"Shared Animosity","R","R","4313","5.59","547","8.63","580","14.6%","58.1%","86","","123","","209","","371","",""
"Sneak Attack","R","M","2135","5.39","239","8.43","27","1.6%","","6","","9","","15","","12","",""
"Defense of the Heart","G","M","1037","2.73","290","3.14","1468","71.2%","61.9%","222","","367","","589","66.2%","878","58.9%","7.3pp"
"Doubling Season","G","M","1612","4.31","182","6.43","245","19.0%","","35","","72","","107","","138","",""
"Garruk's Uprising","G","U","29417","5.98","3042","9.36","5992","27.3%","57.6%","1000","53.7%","1389","53.9%","2389","53.8%","3597","60.1%","-6.2pp"
"Ground Seal","G","U","35245","7.98","3672","11.99","405","1.5%","","76","","80","","156","","249","",""
"Hardened Scales","G","R","4329","5.72","454","9.40","112","3.4%","","12","","34","","46","","66","",""
"Leyline of Abundance","G","R","4540","5.67","479","9.73","49","1.4%","","0","","11","","11","","38","",""
"Nature's Will","G","R","4227","5.66","453","9.63","63","1.9%","","12","","10","","22","","41","",""
"Parallel Lives","G","M","1691","4.31","205","6.50","320","22.1%","","39","","89","","128","","191","",""
"Primal Vigor","G","R","4027","5.33","400","8.86","125","4.4%","","16","","29","","45","","79","",""
"Prismatic Omen","G","R","4441","5.67","514","9.34","230","6.2%","","41","","57","","98","","132","",""
"Season of Growth","G","U","29045","6.02","3513","9.09","8263","32.7%","59.6%","1374","60.2%","1881","58.9%","3255","59.4%","5005","59.7%","-0.2pp"
"Unnatural Growth","G","R","3120","3.95","504","5.50","1882","51.5%","60.4%","274","","483","","757","59.4%","1125","61.1%","-1.6pp"
"Utopia Sprawl","G","U","18934","3.45","6359","4.10","38431","85.5%","61.5%","6847","67.3%","9045","60.0%","15892","63.1%","22489","60.4%","2.8pp"